{"song":{"song":"Dadbattle","bpm":180,"sections":45,"notes":[{"sectionNotes":[],"lengthInSteps":16,"typeOfSection":0,"mustHitSection":false},{"sectionNotes":[],"lengthInSteps":16,"typeOfSection":0,"mustHitSection":false},{"sectionNotes":[],"lengthInSteps":16,"typeOfSection":0,"mustHitSection":false},{"sectionNotes":[],"lengthInSteps":16,"typeOfSection":0,"mustHitSection":false},{"sectionNotes":[],"lengthInSteps":16,"typeOfSection":0,"mustHitSection":true},{"sectionNotes":[],"lengthInSteps":16,"typeOfSection":0,"mustHitSection":true},{"sectionNotes":[],"lengthInSteps":16,"typeOfSection":0,"mustHitSection":true},{"sectionNotes":[],"lengthInSteps":16,"typeOfSection":0,"mustHitSection":true},{"sectionNotes":[[16500,3,0],[17000,1,0],[17250,2,0],[17750,0,0]],"lengthInSteps":16,"typeOfSection":0,"mustHitSection":false},{"sectionNotes":[[19000,0,0],[19250,3,0],[18500,3,0],[19750,2,0]],"lengthInSteps":16,"typeOfSection":0,"mustHitSection":false},{"sectionNotes":[[20500,2,0],[21000,2,0],[21250,0,0],[21750,2,0]],"lengthInSteps":16,"typeOfSection":0,"mustHitSection":false},{"sectionNotes":[[22250,3,0],[22750,1,0],[23250,3,0],[23750,1,0]],"lengthInSteps":16,"typeOfSection":0,"mustHitSection":false},{"sectionNotes":[[24500,3,0],[25000,1,0],[25250,2,0],[25750,0,0]],"lengthInSteps":16,"typeOfSection":0,"mustHitSection":true},{"sectionNotes":[[27000,0,0],[27250,3,0],[26500,3,0],[27750,2,0]],"lengthInSteps":16,"typeOfSection":0,"mustHitSection":true},{"sectionNotes":[[28500,2,0],[29000,2,0],[29250,0,0],[29750,2,0]],"lengthInSteps":16,"typeOfSection":0,"mustHitSection":true},{"sectionNotes":[[30250,0,0],[30750,3,0],[31250,2,0],[31750,1,0]],"lengthInSteps":16,"typeOfSection":0,"mustHitSection":true},{"sectionNotes":[[32250,3,0],[32375,1,0],[32500,3,0],[32750,3,0],[33000,0,0],[33125,2,0],[33375,3,250],[33750,0,250]],"lengthInSteps":16,"typeOfSection":0,"mustHitSection":false},{"sectionNotes":[[34250,2,0],[34375,1,0],[34500,2,0],[34750,2,0],[35000,0,0],[35125,3,125],[35375,2,250],[35750,0,250]],"lengthInSteps":16,"typeOfSection":0,"mustHitSection":false},{"sectionNotes":[[36250,3,0],[36375,1,0],[36500,3,0],[36750,3,0],[37000,3,0],[37375,1,250],[37750,0,0],[37125,2,125]],"lengthInSteps":16,"typeOfSection":0,"mustHitSection":false},{"sectionNotes":[[38000,3,0],[38125,2,125],[38375,1,250],[38750,3,0],[39000,3,0],[39125,2,125],[39375,1,250],[39750,0,0]],"lengthInSteps":16,"typeOfSection":0,"mustHitSection":false},{"sectionNotes":[[40250,3,0],[40375,1,0],[40500,3,0],[40750,3,0],[41000,0,0],[41125,2,0],[41375,3,250],[41750,0,250]],"lengthInSteps":16,"typeOfSection":0,"mustHitSection":true},{"sectionNotes":[[42250,2,0],[42750,2,0],[43000,0,0],[43125,3,125],[43375,2,250],[42375,0,0],[42500,1,0],[43750,0,250]],"lengthInSteps":16,"typeOfSection":0,"mustHitSection":true},{"sectionNotes":[[44250,3,0],[44375,1,0],[44500,3,0],[44750,3,0],[45375,1,250],[45750,0,0],[45125,2,125],[45000,0,0]],"lengthInSteps":16,"typeOfSection":0,"mustHitSection":true},{"sectionNotes":[[46125,2,125],[46375,1,250],[47125,2,125],[46000,0,0],[46750,0,0],[47000,0,0],[47375,1,500]],"lengthInSteps":16,"typeOfSection":0,"mustHitSection":true},{"sectionNotes":[[48000,3,0],[48250,0,0],[48375,3,0],[48625,0,0],[48750,3,0],[49000,0,0],[49125,3,0],[49375,0,0],[49750,1,125],[49500,2,125]],"lengthInSteps":16,"typeOfSection":0,"mustHitSection":false},{"sectionNotes":[[50000,3,0],[50250,0,0],[50375,3,0],[50625,0,0],[50750,3,0],[51000,0,0],[51125,3,0],[51375,0,0],[51500,2,0],[51625,3,0],[51750,0,0],[51875,1,0]],"lengthInSteps":16,"typeOfSection":0,"mustHitSection":true},{"sectionNotes":[[52000,2,0],[52250,0,0],[52375,2,0],[52625,0,0],[52750,1,0],[53000,0,0],[53375,3,0],[53500,3,125],[53750,1,125],[53125,2,0]],"lengthInSteps":16,"typeOfSection":0,"mustHitSection":false},{"sectionNotes":[[54000,2,0],[54250,0,0],[54375,2,0],[54625,0,0],[55000,0,0],[54750,2,0],[55375,0,0],[55500,3,0],[55625,2,0],[55750,3,0],[55875,0,0],[55125,2,0]],"lengthInSteps":16,"typeOfSection":0,"mustHitSection":true},{"sectionNotes":[[56000,3,0],[56250,0,0],[56375,3,0],[56625,0,0],[56750,3,0],[57000,0,0],[57125,3,0],[57375,0,0],[57750,1,125],[57500,2,125]],"lengthInSteps":16,"typeOfSection":0,"mustHitSection":false},{"sectionNotes":[[58000,3,0],[58250,0,0],[58375,3,0],[58625,0,0],[58750,3,0],[59000,0,0],[59125,3,0],[59375,0,0],[59500,2,0],[59625,3,0],[59750,0,0],[59875,1,0]],"lengthInSteps":16,"typeOfSection":0,"mustHitSection":true},{"sectionNotes":[[60000,2,0],[60250,0,0],[60375,2,0],[60625,0,0],[60750,1,0],[61000,0,0],[61375,3,0],[61500,3,125],[61750,1,125],[61125,2,0]],"lengthInSteps":16,"typeOfSection":0,"mustHitSection":false},{"sectionNotes":[[62000,2,0],[62250,0,0],[62375,2,0],[62625,0,0],[63000,0,0],[62750,2,0],[63375,0,0],[63500,3,0],[63625,2,0],[63750,3,0],[63875,0,0],[63125,2,0]],"lengthInSteps":16,"typeOfSection":0,"mustHitSection":true},{"typeOfSection":0,"sectionNotes":[[64000,1,500],[64750,1,0],[65000,0,0],[65250,3,375],[65750,0,250]],"lengthInSteps":16,"bpm":100,"changeBPM":false,"mustHitSection":false},{"lengthInSteps":16,"altAnim":false,"typeOfSection":0,"sectionNotes":[[66250,3,125],[66500,0,125],[66750,3,0],[67000,0,0],[67250,2,375],[67750,1,250]],"bpm":100,"changeBPM":false,"mustHitSection":false},{"lengthInSteps":16,"altAnim":false,"typeOfSection":0,"sectionNotes":[[68250,1,0],[68500,0,0],[68750,1,0],[69000,0,0],[69250,2,375],[69750,3,250]],"bpm":120,"changeBPM":false,"mustHitSection":false},{"lengthInSteps":16,"altAnim":false,"typeOfSection":0,"sectionNotes":[[70250,0,0],[70500,2,0],[70750,3,125],[71000,2,125],[71500,3,125],[71250,0,125],[71750,0,125]],"bpm":120,"changeBPM":false,"mustHitSection":false},{"lengthInSteps":16,"altAnim":false,"typeOfSection":0,"sectionNotes":[[72000,1,500],[72750,1,0],[73000,0,0],[73250,3,375],[73750,2,250]],"bpm":120,"changeBPM":false,"mustHitSection":false},{"lengthInSteps":16,"altAnim":false,"typeOfSection":0,"sectionNotes":[[74250,2,375],[74750,2,0],[75250,0,125],[75000,3,125],[75500,3,125],[75750,2,125]],"bpm":120,"changeBPM":false,"mustHitSection":false},{"lengthInSteps":16,"altAnim":false,"typeOfSection":0,"sectionNotes":[[76000,1,375],[76750,1,0],[77000,0,0],[77250,1,0],[77500,0,0],[77750,3,0]],"bpm":120,"changeBPM":false,"mustHitSection":false},{"lengthInSteps":16,"altAnim":false,"typeOfSection":0,"sectionNotes":[[78000,2,0],[78750,0,0],[78500,1,0],[79000,3,0],[79250,1,0],[79500,2,375]],"bpm":120,"changeBPM":false,"mustHitSection":false},{"lengthInSteps":16,"altAnim":false,"typeOfSection":0,"sectionNotes":[[80000,1,500],[80750,1,0],[81000,0,0],[81250,3,375],[81750,0,250]],"bpm":120,"changeBPM":false,"mustHitSection":true},{"lengthInSteps":16,"altAnim":false,"typeOfSection":0,"sectionNotes":[[82250,3,125],[82500,0,125],[82750,3,0],[83000,0,0],[83250,2,375],[83750,1,250]],"bpm":120,"changeBPM":false,"mustHitSection":true},{"lengthInSteps":16,"altAnim":false,"typeOfSection":0,"sectionNotes":[[84250,1,0],[84500,0,0],[84750,1,0],[85000,0,0],[85250,2,375],[85750,3,250]],"bpm":120,"changeBPM":false,"mustHitSection":true},{"lengthInSteps":16,"altAnim":false,"typeOfSection":0,"sectionNotes":[[86250,0,0],[86500,2,0],[86750,3,125],[87000,2,125],[87500,3,125],[87250,0,125],[87750,1,125]],"bpm":120,"changeBPM":false,"mustHitSection":true},{"lengthInSteps":16,"altAnim":false,"typeOfSection":0,"sectionNotes":[[88000,1,500],[88750,1,0],[89000,0,0],[89250,3,375],[89750,2,250]],"bpm":120,"changeBPM":false,"mustHitSection":true},{"lengthInSteps":16,"altAnim":false,"typeOfSection":0,"sectionNotes":[[90250,2,375],[90750,2,0],[91250,0,125],[91000,3,125],[91500,3,125],[91750,1,125]],"bpm":120,"changeBPM":false,"mustHitSection":true},{"lengthInSteps":16,"altAnim":false,"typeOfSection":0,"sectionNotes":[[92000,1,375],[92750,1,0],[93000,0,0],[93250,1,0],[93500,0,0],[93750,3,0]],"bpm":120,"changeBPM":false,"mustHitSection":true},{"lengthInSteps":16,"altAnim":false,"typeOfSection":0,"sectionNotes":[[94000,2,0],[94750,0,0],[94500,1,0],[95000,3,0],[95250,1,0],[95500,3,375]],"bpm":120,"changeBPM":false,"mustHitSection":true},{"lengthInSteps":16,"altAnim":false,"typeOfSection":0,"sectionNotes":[[96250,3,0],[96375,1,0],[96500,3,0],[96750,3,0],[97000,0,0],[97125,2,0],[97375,3,250],[97750,0,250]],"bpm":120,"changeBPM":false,"mustHitSection":false},{"lengthInSteps":16,"altAnim":false,"typeOfSection":0,"sectionNotes":[[98250,2,0],[98375,1,0],[98500,2,0],[98750,2,0],[99000,0,0],[99125,3,125],[99375,2,250],[99750,0,250]],"bpm":120,"changeBPM":false,"mustHitSection":false},{"lengthInSteps":16,"altAnim":false,"typeOfSection":0,"sectionNotes":[[100250,3,0],[100375,1,0],[100500,3,0],[100750,3,0],[101000,3,0],[101375,1,250],[101750,0,0],[101125,2,125]],"bpm":120,"changeBPM":false,"mustHitSection":false},{"lengthInSteps":16,"altAnim":false,"typeOfSection":0,"sectionNotes":[[102000,3,0],[102125,2,125],[102375,1,250],[102750,3,0],[103000,3,0],[103125,2,125],[103375,1,250],[103750,0,0]],"bpm":120,"changeBPM":false,"mustHitSection":false},{"lengthInSteps":16,"altAnim":false,"typeOfSection":0,"sectionNotes":[[104250,3,0],[104375,1,0],[104500,3,0],[104750,3,0],[105000,0,0],[105125,2,0],[105375,3,250],[105750,0,250]],"bpm":120,"changeBPM":false,"mustHitSection":true},{"lengthInSteps":16,"altAnim":false,"typeOfSection":0,"sectionNotes":[[106250,2,0],[106750,2,0],[107000,0,0],[107125,3,125],[107375,2,250],[106375,0,0],[106500,1,0],[107750,0,250]],"bpm":120,"changeBPM":false,"mustHitSection":true},{"lengthInSteps":16,"altAnim":false,"typeOfSection":0,"sectionNotes":[[108250,3,0],[108375,1,0],[108500,3,0],[108750,3,0],[109375,1,250],[109750,0,0],[109125,2,125],[109000,0,0]],"bpm":120,"changeBPM":false,"mustHitSection":true},{"lengthInSteps":16,"altAnim":false,"typeOfSection":0,"sectionNotes":[[110125,2,125],[110375,1,250],[111125,2,125],[110000,0,0],[110750,0,0],[111000,0,0],[111375,1,500]],"bpm":120,"changeBPM":false,"mustHitSection":true},{"lengthInSteps":16,"altAnim":false,"typeOfSection":0,"sectionNotes":[[112000,1,1875]],"bpm":120,"changeBPM":false,"mustHitSection":false},{"lengthInSteps":16,"altAnim":false,"typeOfSection":0,"sectionNotes":[[114000,3,875],[115000,0,625],[115750,2,125]],"bpm":120,"changeBPM":false,"mustHitSection":false},{"lengthInSteps":16,"altAnim":false,"typeOfSection":0,"sectionNotes":[[116000,1,875],[117000,0,625],[117750,2,125]],"bpm":120,"changeBPM":false,"mustHitSection":false},{"lengthInSteps":16,"altAnim":false,"typeOfSection":0,"sectionNotes":[[118000,1,875],[119000,3,625],[119750,0,125]],"bpm":120,"changeBPM":false,"mustHitSection":false},{"lengthInSteps":16,"altAnim":false,"typeOfSection":0,"sectionNotes":[[120000,5,875],[120000,3,875],[121000,1,875]],"bpm":120,"changeBPM":false,"mustHitSection":true},{"lengthInSteps":16,"altAnim":false,"typeOfSection":0,"sectionNotes":[[122000,2,875],[123000,0,625],[123750,3,125]],"bpm":120,"changeBPM":false,"mustHitSection":true},{"lengthInSteps":16,"altAnim":false,"typeOfSection":0,"sectionNotes":[[124000,1,875],[125000,2,625],[125750,3,125]],"bpm":120,"changeBPM":false,"mustHitSection":true},{"lengthInSteps":16,"altAnim":false,"typeOfSection":0,"sectionNotes":[[126000,1,625],[126750,0,125],[127000,3,875]],"bpm":120,"changeBPM":false,"mustHitSection":true},{"lengthInSteps":16,"altAnim":false,"typeOfSection":0,"sectionNotes":[[128000,3,0],[128250,0,0],[128375,3,0],[128625,0,0],[128750,3,0],[129000,0,0],[129125,3,0],[129375,0,0],[129750,1,125],[129500,2,125]],"bpm":120,"changeBPM":false,"mustHitSection":false},{"lengthInSteps":16,"altAnim":false,"typeOfSection":0,"sectionNotes":[[130000,3,0],[130250,0,0],[130375,3,0],[130625,0,0],[130750,3,0],[131000,0,0],[131125,3,0],[131375,0,0],[131500,2,0],[131625,3,0],[131750,0,0],[131875,1,0]],"bpm":120,"changeBPM":false,"mustHitSection":true},{"lengthInSteps":16,"altAnim":false,"typeOfSection":0,"sectionNotes":[[132000,2,0],[132250,0,0],[132375,2,0],[132625,0,0],[132750,1,0],[133000,0,0],[133375,3,0],[133500,3,125],[133750,1,125],[133125,2,0]],"bpm":120,"changeBPM":false,"mustHitSection":false},{"lengthInSteps":16,"altAnim":false,"typeOfSection":0,"sectionNotes":[[134000,2,0],[134250,0,0],[134375,2,0],[134625,0,0],[135000,0,0],[134750,2,0],[135375,0,0],[135500,3,0],[135625,2,0],[135750,3,0],[135875,0,0],[135125,2,0]],"bpm":120,"changeBPM":false,"mustHitSection":true},{"lengthInSteps":16,"altAnim":false,"typeOfSection":0,"sectionNotes":[[136000,3,0],[136250,0,0],[136375,3,0],[136625,0,0],[136750,3,0],[137000,0,0],[137125,3,0],[137375,0,0],[137750,1,125],[137500,2,125]],"bpm":120,"changeBPM":false,"mustHitSection":false},{"lengthInSteps":16,"altAnim":false,"typeOfSection":0,"sectionNotes":[[138000,3,0],[138250,0,0],[138375,3,0],[138625,0,0],[138750,3,0],[139000,0,0],[139125,3,0],[139375,0,0],[139500,2,0],[139625,3,0],[139750,0,0],[139875,1,0]],"bpm":120,"changeBPM":false,"mustHitSection":true},{"lengthInSteps":16,"altAnim":false,"typeOfSection":0,"sectionNotes":[[140000,2,0],[140250,0,0],[140375,2,0],[140625,0,0],[140750,1,0],[141000,0,0],[141375,3,0],[141500,3,125],[141750,1,125],[141125,2,0]],"bpm":120,"changeBPM":false,"mustHitSection":false},{"lengthInSteps":16,"altAnim":false,"typeOfSection":0,"sectionNotes":[[142000,2,0],[142250,0,0],[142375,2,0],[142625,0,0],[143000,0,0],[142750,2,0],[143375,0,0],[143500,3,0],[143625,2,0],[143750,3,0],[143875,0,0],[143125,2,0]],"bpm":120,"changeBPM":false,"mustHitSection":true},{"lengthInSteps":16,"altAnim":false,"typeOfSection":0,"sectionNotes":[[144250,3,0],[144375,1,0],[144500,3,0],[144750,3,0],[145000,0,0],[145125,2,0],[145375,3,250],[145750,0,250]],"bpm":120,"changeBPM":false,"mustHitSection":false},{"lengthInSteps":16,"altAnim":false,"typeOfSection":0,"sectionNotes":[[146250,2,0],[146375,1,0],[146500,2,0],[146750,2,0],[147000,0,0],[147125,3,125],[147375,2,250],[147750,0,250]],"bpm":120,"changeBPM":false,"mustHitSection":false},{"lengthInSteps":16,"altAnim":false,"typeOfSection":0,"sectionNotes":[[148250,3,0],[148375,1,0],[148500,3,0],[148750,3,0],[149000,3,0],[149375,1,250],[149750,0,0],[149125,2,125]],"bpm":120,"changeBPM":false,"mustHitSection":false},{"lengthInSteps":16,"altAnim":false,"typeOfSection":0,"sectionNotes":[[150000,3,0],[150125,2,125],[150375,1,250],[150750,3,0],[151000,3,0],[151125,2,125],[151375,1,250],[151750,0,0]],"bpm":120,"changeBPM":false,"mustHitSection":false},{"lengthInSteps":16,"altAnim":false,"typeOfSection":0,"sectionNotes":[[152250,7,0],[152375,5,0],[152500,7,0],[152750,7,0],[153000,4,0],[153125,6,0],[153375,7,250],[153750,4,250],[152250,3,0],[152375,1,0],[152500,3,0],[152750,3,0],[153000,0,0],[153125,2,0],[153375,3,250],[153750,0,250]],"bpm":120,"changeBPM":false,"mustHitSection":true},{"lengthInSteps":16,"altAnim":false,"typeOfSection":0,"sectionNotes":[[154250,6,0],[154750,6,0],[155000,4,0],[155375,6,250],[154500,5,0],[155750,4,250],[154250,2,0],[154750,2,0],[155000,0,0],[155375,2,250],[154500,1,0],[155750,0,250],[154375,0,0],[154375,7,0],[155125,1,125],[155125,5,125]],"bpm":120,"changeBPM":false,"mustHitSection":true},{"lengthInSteps":16,"altAnim":false,"typeOfSection":0,"sectionNotes":[[156250,3,0],[156375,1,0],[156500,3,0],[156750,3,0],[157375,1,250],[157750,0,0],[157125,2,125],[157000,0,0],[156250,7,0],[156375,5,0],[156500,7,0],[156750,7,0],[157375,5,250],[157750,4,0],[157125,6,125],[157000,4,0]],"bpm":120,"changeBPM":false,"mustHitSection":false},{"lengthInSteps":16,"altAnim":false,"typeOfSection":0,"sectionNotes":[[158125,2,125],[158375,1,250],[159125,2,125],[159375,1,500],[158125,6,125],[158375,5,250],[159125,6,125],[159375,5,500],[158750,4,0],[158000,3,0],[158750,3,0],[159000,3,0],[159000,4,0],[158000,4,0]],"bpm":120,"changeBPM":false,"mustHitSection":false},{"lengthInSteps":16,"altAnim":false,"typeOfSection":0,"sectionNotes":[],"bpm":120,"changeBPM":false,"mustHitSection":true},{"lengthInSteps":16,"altAnim":false,"typeOfSection":0,"sectionNotes":[],"bpm":120,"changeBPM":false,"mustHitSection":true},{"lengthInSteps":16,"altAnim":false,"typeOfSection":0,"sectionNotes":[],"bpm":120,"changeBPM":false,"mustHitSection":false},{"lengthInSteps":16,"altAnim":false,"typeOfSection":0,"sectionNotes":[],"bpm":120,"changeBPM":false,"mustHitSection":false},{"lengthInSteps":16,"altAnim":false,"typeOfSection":0,"sectionNotes":[],"bpm":120,"changeBPM":false,"mustHitSection":false},{"lengthInSteps":16,"altAnim":false,"typeOfSection":0,"sectionNotes":[],"bpm":120,"changeBPM":false,"mustHitSection":false},{"lengthInSteps":16,"altAnim":false,"typeOfSection":0,"sectionNotes":[],"bpm":120,"changeBPM":false,"mustHitSection":false}],"typeOfSection":0},{"lengthInSteps":16,"bpm":180,"changeBPM":false,"mustHitSection":true,"sectionNotes":[],"typeOfSection":0}]}